,id,terrestrial_date,sol,ls,month,min_temp,pressure
0,2,8/16/12,10,155,6,-75,739
1,13,8/17/12,11,156,6,-76,740
2,24,8/18/12,12,156,6,-76,741
3,35,8/19/12,13,157,6,-74,732
4,46,8/20/12,14,157,6,-74,740
5,57,8/21/12,15,158,6,-78,740
6,68,8/22/12,16,158,6,-77,740
7,79,8/23/12,17,159,6,-76,742
8,112,8/27/12,21,161,6,-74,741
9,114,8/28/12,22,162,6,-74,742
10,123,8/29/12,23,162,6,-75,741
11,134,8/30/12,24,163,6,-75,742
12,145,8/31/12,25,163,6,-75,743
13,156,9/1/12,26,164,6,-76,745
14,163,9/2/12,27,164,6,-75,743
15,170,9/3/12,28,165,6,-75,745
16,171,9/4/12,29,166,6,-75,747
17,172,9/5/12,30,166,6,-74,747
18,173,9/6/12,31,167,6,-74,745
19,175,9/8/12,33,168,6,-73,748
20,176,9/10/12,34,168,6,-73,748
21,177,9/11/12,35,169,6,-73,749
22,178,9/12/12,36,169,6,-73,750
23,179,9/13/12,37,170,6,-73,750
24,180,9/14/12,38,171,6,-73,750
25,181,9/15/12,39,171,6,-75,751
26,182,9/16/12,40,172,6,-75,753
27,183,9/17/12,41,172,6,-75,753
28,184,9/18/12,42,173,6,-75,754
29,185,9/19/12,43,173,6,-74,756
30,186,9/20/12,44,174,6,-75,757
31,187,9/21/12,45,175,6,-74,758
32,188,9/22/12,46,175,6,-74,758
33,189,9/23/12,47,176,6,-75,758
34,190,9/24/12,48,176,6,-75,759
35,191,9/25/12,49,177,6,-74,761
36,192,9/26/12,50,177,6,-72,761
37,193,9/27/12,51,178,6,-76,762
38,194,9/28/12,52,179,6,-74,762
39,195,9/29/12,53,179,6,-71,764
40,196,9/30/12,54,180,7,-72,766
41,197,10/1/12,55,180,7,-74,766
42,198,10/2/12,56,181,7,-73,768
43,199,10/3/12,57,181,7,-73,769
44,200,10/4/12,58,182,7,-74,769
45,201,10/5/12,59,183,7,-76,771
46,202,10/6/12,60,183,7,-75,772
47,203,10/7/12,61,184,7,-72,772
48,204,10/8/12,62,184,7,-72,774
49,205,10/9/12,63,185,7,-73,775
50,206,10/10/12,64,186,7,-74,776
51,207,10/11/12,65,186,7,-72,777
52,208,10/12/12,66,187,7,-73,778
53,209,10/13/12,67,187,7,-73,780
54,210,10/14/12,68,188,7,-71,781
55,211,10/15/12,69,189,7,-73,778
56,212,10/17/12,70,189,7,-72,783
57,213,10/18/12,71,190,7,-71,784
58,214,10/19/12,72,190,7,-73,785
59,215,10/20/12,73,191,7,-70,788
60,216,10/21/12,74,192,7,-72,790
61,217,10/22/12,75,192,7,-73,791
62,218,10/23/12,76,193,7,-73,792
63,219,10/24/12,77,193,7,-71,792
64,220,10/25/12,78,194,7,-71,793
65,221,10/26/12,79,195,7,-73,795
66,222,10/27/12,80,195,7,-70,796
67,223,10/28/12,81,196,7,-72,798
68,224,10/29/12,82,196,7,-72,799
69,225,10/30/12,83,197,7,-72,801
70,226,10/31/12,84,198,7,-70,801
71,227,11/1/12,85,198,7,-71,805
72,228,11/2/12,86,199,7,-71,808
73,229,11/3/12,87,199,7,-70,808
74,230,11/4/12,88,200,7,-70,811
75,231,11/5/12,89,201,7,-73,813
76,233,11/6/12,90,201,7,-71,813
77,234,11/7/12,91,202,7,-74,817
78,235,11/8/12,92,202,7,-74,820
79,236,11/9/12,93,203,7,-72,819
80,237,11/10/12,94,204,7,-70,822
81,238,11/11/12,95,204,7,-68,822
82,239,11/12/12,96,205,7,-71,826
83,240,11/13/12,97,206,7,-68,828
84,241,11/14/12,98,206,7,-68,828
85,242,11/15/12,99,207,7,-68,829
86,3,11/16/12,100,207,7,-66,829
87,4,11/17/12,101,208,7,-65,830
88,5,11/18/12,102,209,7,-67,833
89,6,11/19/12,103,209,7,-66,836
90,7,11/20/12,104,210,8,-67,838
91,8,11/21/12,105,211,8,-66,839
92,9,11/23/12,106,211,8,-66,841
93,10,11/24/12,107,212,8,-66,844
94,11,11/25/12,108,212,8,-65,845
95,12,11/26/12,109,213,8,-64,844
96,14,11/27/12,110,214,8,-65,848
97,15,11/28/12,111,214,8,-66,849
98,16,11/29/12,112,215,8,-65,852
99,17,11/30/12,113,216,8,-66,857
100,18,12/1/12,114,216,8,-69,857
101,19,12/2/12,115,217,8,-66,857
102,20,12/3/12,116,217,8,-67,859
103,21,12/4/12,117,218,8,-66,861
104,22,12/5/12,118,219,8,-65,864
105,23,12/6/12,119,219,8,-66,866
106,25,12/7/12,120,220,8,-67,867
107,26,12/8/12,121,221,8,-66,869
108,27,12/9/12,122,221,8,-65,869
109,28,12/10/12,123,222,8,-66,875
110,29,12/11/12,124,223,8,-66,876
111,30,12/12/12,125,223,8,-68,880
112,31,12/13/12,126,224,8,-66,880
113,32,12/14/12,127,224,8,-67,884
114,33,12/15/12,128,225,8,-67,883
115,34,12/16/12,129,226,8,-65,886
116,36,12/17/12,130,226,8,-65,888
117,37,12/18/12,131,227,8,-65,889
118,38,12/19/12,132,228,8,-65,890
119,39,12/20/12,133,228,8,-65,891
120,40,12/21/12,134,229,8,-67,893
121,41,12/22/12,135,230,8,-65,894
122,42,12/23/12,136,230,8,-65,897
123,43,12/24/12,137,231,8,-64,896
124,44,12/25/12,138,232,8,-65,899
125,45,12/26/12,139,232,8,-66,899
126,47,12/27/12,140,233,8,-66,903
127,48,12/28/12,141,233,8,-64,904
128,49,12/29/12,142,234,8,-65,906
129,50,12/31/12,143,235,8,-63,908
130,51,1/1/13,144,235,8,-64,907
131,52,1/2/13,145,236,8,-64,909
132,53,1/3/13,146,237,8,-65,908
133,54,1/4/13,147,237,8,-65,914
134,55,1/5/13,148,238,8,-65,912
135,56,1/6/13,149,239,8,-65,914
136,58,1/7/13,150,239,8,-64,913
137,59,1/8/13,151,240,9,-65,915
138,60,1/9/13,152,241,9,-63,914
139,61,1/10/13,153,241,9,-65,915
140,62,1/11/13,154,242,9,-65,917
141,63,1/12/13,155,243,9,-64,917
142,64,1/13/13,156,243,9,-65,922
143,65,1/14/13,157,244,9,-64,920
144,66,1/15/13,158,245,9,-66,922
145,67,1/16/13,159,245,9,-65,918
146,69,1/17/13,160,246,9,-67,919
147,70,1/18/13,161,246,9,-65,919
148,71,1/19/13,162,247,9,-65,919
149,72,1/20/13,163,248,9,-65,919
150,73,1/21/13,164,248,9,-64,919
151,74,1/22/13,165,249,9,-65,922
152,75,1/23/13,166,250,9,-65,922
153,76,1/24/13,167,250,9,-65,920
154,77,1/25/13,168,251,9,-66,923
155,78,1/26/13,169,252,9,-66,922
156,80,1/27/13,170,252,9,-66,925
157,81,1/28/13,171,253,9,-67,925
158,82,1/29/13,172,254,9,-67,923
159,83,1/30/13,173,254,9,-67,920
160,84,1/31/13,174,255,9,-67,921
161,85,2/1/13,175,256,9,-68,921
162,86,2/2/13,176,256,9,-67,920
163,87,2/3/13,177,257,9,-66,921
164,88,2/4/13,178,258,9,-66,920
165,89,2/6/13,179,258,9,-66,920
166,91,2/7/13,180,259,9,-67,919
167,92,2/8/13,181,260,9,-67,918
168,93,2/9/13,182,260,9,-67,921
169,94,2/10/13,183,261,9,-67,921
170,95,2/11/13,184,261,9,-67,923
171,96,2/12/13,185,262,9,-67,923
172,97,2/13/13,186,263,9,-66,922
173,98,2/14/13,187,263,9,-67,921
174,99,2/15/13,188,264,9,-68,920
175,100,2/16/13,189,265,9,-68,920
176,102,2/17/13,190,265,9,-66,917
177,103,2/18/13,191,266,9,-67,921
178,106,2/23/13,196,269,9,-66,916
179,107,2/24/13,197,270,10,-68,915
180,108,2/25/13,198,271,10,-67,914
181,109,2/26/13,199,271,10,-66,917
182,116,3/23/13,223,287,10,-71,895
183,117,3/24/13,224,287,10,-69,894
184,118,3/25/13,225,288,10,-71,894
185,119,3/26/13,226,288,10,-70,894
186,120,3/27/13,227,289,10,-70,892
187,121,3/28/13,228,290,10,-71,894
188,122,3/29/13,229,290,10,-69,894
189,124,3/30/13,230,291,10,-69,888
190,125,3/31/13,231,292,10,-71,890
191,126,4/1/13,232,292,10,-69,888
192,127,4/2/13,233,293,10,-69,889
193,128,4/3/13,234,293,10,-69,890
194,129,4/4/13,235,294,10,-70,886
195,130,4/5/13,236,295,10,-72,886
196,131,4/6/13,237,295,10,-71,883
197,132,4/7/13,238,296,10,-70,885
198,133,4/8/13,239,297,10,-73,885
199,135,4/9/13,240,297,10,-70,884
200,136,4/10/13,241,298,10,-72,884
201,137,4/11/13,242,298,10,-70,881
202,138,4/12/13,243,299,10,-71,884
203,139,4/13/13,244,300,11,-69,878
204,140,4/14/13,245,300,11,-70,879
205,141,4/15/13,246,301,11,-73,878
206,142,4/16/13,247,301,11,-71,873
207,143,4/17/13,248,302,11,-70,877
208,144,4/18/13,249,303,11,-69,873
209,146,4/19/13,250,303,11,-70,877
210,147,4/20/13,251,304,11,-71,876
211,148,4/22/13,252,304,11,-71,874
212,149,4/23/13,253,305,11,-71,877
213,150,4/24/13,254,306,11,-70,871
214,151,4/25/13,255,306,11,-69,877
215,152,4/26/13,256,307,11,-70,871
216,153,4/27/13,257,308,11,-70,871
217,154,4/28/13,258,308,11,-71,869
218,155,4/29/13,259,309,11,-72,871
219,157,4/30/13,260,309,11,-70,875
220,158,5/1/13,261,310,11,-70,868
221,161,5/8/13,268,314,11,-70,864
222,162,5/9/13,269,315,11,-72,866
223,164,5/10/13,270,315,11,-67,863
224,165,5/11/13,271,316,11,-69,864
225,166,5/12/13,272,316,11,-71,864
226,167,5/13/13,273,317,11,-70,861
227,168,5/14/13,274,318,11,-70,861
228,169,5/15/13,275,318,11,-67,860
229,244,5/16/13,276,319,11,-69,858
230,245,5/17/13,277,319,11,-69,857
231,246,5/18/13,278,320,11,-67,855
232,247,5/19/13,279,321,11,-68,856
233,248,5/20/13,280,321,11,-69,856
234,249,5/21/13,281,322,11,-68,855
235,250,5/22/13,282,322,11,-72,856
236,251,5/23/13,283,323,11,-68,854
237,252,5/24/13,284,323,11,-71,854
238,253,5/25/13,285,324,11,-70,852
239,254,5/26/13,286,325,11,-71,854
240,255,5/27/13,287,325,11,-72,856
241,256,5/29/13,288,326,11,-69,854
242,257,5/30/13,289,326,11,-71,854
243,258,5/31/13,290,327,11,-71,853
244,259,6/1/13,291,327,11,-70,853
245,260,6/2/13,292,328,11,-71,853
246,261,6/3/13,293,329,11,-72,850
247,262,6/4/13,294,329,11,-72,852
248,263,6/5/13,295,330,12,-71,853
249,264,6/6/13,296,330,12,-71,850
250,265,6/7/13,297,331,12,-72,849
251,266,6/8/13,298,331,12,-72,850
252,267,6/9/13,299,332,12,-71,849
253,286,6/10/13,300,333,12,-72,852
254,276,6/11/13,301,333,12,-73,852
255,287,6/12/13,302,334,12,-71,850
256,283,6/13/13,303,334,12,-71,849
257,281,6/14/13,304,335,12,-70,848
258,275,6/15/13,305,335,12,-71,847
259,280,6/16/13,306,336,12,-71,848
260,279,6/17/13,307,336,12,-72,851
261,282,6/18/13,308,337,12,-73,850
262,284,6/19/13,309,338,12,-72,848
263,278,6/20/13,310,338,12,-71,849
264,277,6/21/13,311,339,12,-74,846
265,285,6/22/13,312,339,12,-71,845
266,274,6/23/13,313,340,12,-77,849
267,272,6/24/13,314,340,12,-73,848
268,273,6/25/13,315,341,12,-74,850
269,288,6/26/13,316,341,12,-74,851
270,268,6/27/13,317,342,12,-72,849
271,270,6/28/13,318,342,12,-74,849
272,271,6/29/13,319,343,12,-73,847
273,269,6/30/13,320,344,12,-74,846
274,289,7/1/13,321,344,12,-75,847
275,291,7/2/13,322,345,12,-74,849
276,290,7/3/13,323,345,12,-74,847
277,292,7/4/13,324,346,12,-75,850
278,294,7/6/13,325,346,12,-74,847
279,295,7/7/13,326,347,12,-72,848
280,296,7/8/13,327,347,12,-74,848
281,293,7/9/13,328,348,12,-75,847
282,298,7/10/13,329,348,12,-74,847
283,297,7/11/13,330,349,12,-75,848
284,303,7/12/13,331,349,12,-74,848
285,300,7/13/13,332,350,12,-76,849
286,299,7/14/13,333,350,12,-75,849
287,301,7/15/13,334,351,12,-74,852
288,302,7/16/13,335,352,12,-76,852
289,305,7/17/13,336,352,12,-76,852
290,304,7/18/13,337,353,12,-75,853
291,306,7/19/13,338,353,12,-78,848
292,308,7/20/13,339,354,12,-76,849
293,307,7/21/13,340,354,12,-76,851
294,310,7/22/13,341,355,12,-77,852
295,309,7/23/13,342,355,12,-76,851
296,311,7/24/13,343,356,12,-77,850
297,317,7/25/13,344,356,12,-77,851
298,312,7/26/13,345,357,12,-77,853
299,314,7/27/13,346,357,12,-76,853
300,313,7/28/13,347,358,12,-77,851
301,315,7/29/13,348,358,12,-74,850
302,316,7/30/13,349,359,12,-75,852
303,318,7/31/13,350,359,12,-76,853
304,320,8/1/13,351,0,1,-75,853
305,319,8/2/13,352,0,1,-77,854
306,323,8/3/13,353,1,1,-75,855
307,322,8/4/13,354,1,1,-75,857
308,321,8/5/13,355,2,1,-75,857
309,324,8/6/13,356,2,1,-77,856
310,325,8/7/13,357,3,1,-76,857
311,326,8/17/13,366,7,1,-76,861
312,328,8/18/13,367,8,1,-76,862
313,330,8/19/13,368,8,1,-77,863
314,331,8/20/13,369,9,1,-75,865
315,332,8/21/13,370,9,1,-79,865
316,333,8/22/13,371,10,1,-77,865
317,334,8/23/13,372,10,1,-76,866
318,335,8/24/13,373,11,1,-79,866
319,337,8/25/13,374,11,1,-79,866
320,336,8/26/13,375,12,1,-77,867
321,340,8/27/13,376,12,1,-78,870
322,338,8/28/13,377,13,1,-78,870
323,339,8/29/13,378,13,1,-78,869
324,341,8/30/13,379,14,1,-79,870
325,343,8/31/13,380,14,1,-79,870
326,345,9/1/13,381,15,1,-79,871
327,344,9/2/13,382,15,1,-76,872
328,342,9/3/13,383,16,1,-77,874
329,346,9/4/13,384,16,1,-77,875
330,351,9/5/13,385,17,1,-78,874
331,347,9/6/13,386,17,1,-77,873
332,349,9/7/13,387,18,1,-78,874
333,350,9/8/13,388,18,1,-79,875
334,348,9/9/13,389,19,1,-79,875
335,352,9/10/13,390,19,1,-78,875
336,353,9/11/13,391,20,1,-78,875
337,354,9/12/13,392,20,1,-77,876
338,355,9/13/13,393,21,1,-76,877
339,356,9/14/13,394,21,1,-79,878
340,357,9/15/13,395,22,1,-77,878
341,358,9/16/13,396,22,1,-78,879
342,359,9/18/13,397,23,1,-75,880
343,360,9/19/13,398,23,1,-79,880
344,361,9/20/13,399,24,1,-79,881
345,363,9/21/13,400,24,1,-79,881
346,362,9/22/13,401,25,1,-79,882
347,365,9/23/13,402,25,1,-78,883
348,364,9/24/13,403,25,1,-80,883
349,367,9/25/13,404,26,1,-78,884
350,366,9/26/13,405,26,1,-82,885
351,374,9/27/13,406,27,1,-81,886
352,370,9/28/13,407,27,1,-81,887
353,369,9/29/13,408,28,1,-80,887
354,368,9/30/13,409,28,1,-81,887
355,373,10/1/13,410,29,1,-81,888
356,372,10/2/13,411,29,1,-82,887
357,371,10/3/13,412,30,2,-80,888
358,376,10/4/13,413,30,2,-82,888
359,375,10/5/13,414,31,2,-79,889
360,377,10/6/13,415,31,2,-82,890
361,378,10/7/13,416,32,2,-79,889
362,379,10/8/13,417,32,2,-82,890
363,380,10/9/13,418,33,2,-79,891
364,381,10/10/13,419,33,2,-82,891
365,385,10/11/13,420,33,2,-80,892
366,382,10/12/13,421,34,2,-81,890
367,384,10/13/13,422,34,2,-82,891
368,383,10/14/13,423,35,2,-81,892
369,386,10/15/13,424,35,2,-81,893
370,393,10/16/13,425,36,2,-81,893
371,388,10/17/13,426,36,2,-79,893
372,392,10/18/13,427,37,2,-81,893
373,391,10/19/13,428,37,2,-81,894
374,387,10/20/13,429,38,2,-82,895
375,390,10/21/13,430,38,2,-82,896
376,389,10/22/13,431,39,2,-83,895
377,395,10/23/13,432,39,2,-80,896
378,394,10/24/13,433,40,2,-81,895
379,397,10/26/13,434,40,2,-80,896
380,396,10/27/13,435,40,2,-81,896
381,398,10/28/13,436,41,2,-81,897
382,399,10/29/13,437,41,2,-82,898
383,400,10/30/13,438,42,2,-79,899
384,401,10/31/13,439,42,2,-80,899
385,404,11/1/13,440,43,2,-80,899
386,402,11/2/13,441,43,2,-81,900
387,405,11/3/13,442,44,2,-80,900
388,403,11/4/13,443,44,2,-81,901
389,407,11/16/13,455,50,2,-84,905
390,406,11/17/13,456,50,2,-83,905
391,409,11/24/13,463,53,2,-86,906
392,410,11/25/13,464,54,2,-84,906
393,412,11/26/13,465,54,2,-85,906
394,415,11/27/13,466,55,2,-85,907
395,411,11/28/13,467,55,2,-84,907
396,414,11/29/13,468,55,2,-85,907
397,413,11/30/13,469,56,2,-85,908
398,475,12/2/13,470,56,2,-85,907
399,479,12/3/13,471,57,2,-84,906
400,416,12/4/13,472,57,2,-84,907
401,417,12/5/13,473,58,2,-86,907
402,420,12/6/13,474,58,2,-84,906
403,419,12/7/13,475,59,2,-85,906
404,418,12/8/13,476,59,2,-85,906
405,421,12/9/13,477,60,3,-85,907
406,422,12/18/13,486,64,3,-84,904
407,473,12/19/13,487,64,3,-85,904
408,480,12/20/13,488,64,3,-87,903
409,423,12/21/13,489,65,3,-85,904
410,434,12/22/13,490,65,3,-87,903
411,433,12/23/13,491,66,3,-86,903
412,427,12/24/13,492,66,3,-86,903
413,426,12/25/13,493,67,3,-84,902
414,429,12/26/13,494,67,3,-85,902
415,431,12/27/13,495,68,3,-86,900
416,428,12/28/13,496,68,3,-85,901
417,425,12/29/13,497,69,3,-86,901
418,424,12/30/13,498,69,3,-86,901
419,432,12/31/13,499,69,3,-84,899
420,430,1/1/14,500,70,3,-85,897
421,435,1/2/14,501,70,3,-86,898
422,437,1/3/14,502,71,3,-87,898
423,483,1/4/14,503,71,3,-86,897
424,436,1/5/14,504,72,3,-85,895
425,438,1/6/14,505,72,3,-85,895
426,439,1/8/14,506,73,3,-86,894
427,440,1/9/14,507,73,3,-85,894
428,442,1/10/14,508,73,3,-83,893
429,443,1/11/14,509,74,3,-86,895
430,441,1/12/14,510,74,3,-85,892
431,446,1/13/14,511,75,3,-85,892
432,444,1/14/14,512,75,3,-86,890
433,445,1/15/14,513,76,3,-86,889
434,447,1/16/14,514,76,3,-86,888
435,450,1/17/14,515,77,3,-86,888
436,449,1/18/14,516,77,3,-86,888
437,448,1/19/14,517,77,3,-86,885
438,451,1/20/14,518,78,3,-85,885
439,452,1/21/14,519,78,3,-86,884
440,453,1/22/14,520,79,3,-86,884
441,454,1/23/14,521,79,3,-87,882
442,455,1/24/14,522,80,3,-85,881
443,458,1/25/14,523,80,3,-85,881
444,457,1/26/14,524,81,3,-85,880
445,456,1/27/14,525,81,3,-87,878
446,459,1/28/14,526,82,3,-87,878
447,460,1/29/14,527,82,3,-86,877
448,461,1/30/14,528,82,3,-86,876
449,462,1/31/14,529,83,3,-87,875
450,463,2/1/14,530,83,3,-87,873
451,465,2/2/14,531,84,3,-87,872
452,464,2/3/14,532,84,3,-88,872
453,466,2/4/14,533,85,3,-87,871
454,467,2/5/14,534,85,3,-86,869
455,468,2/6/14,535,86,3,-88,868
456,470,2/7/14,536,86,3,-83,867
457,469,2/8/14,537,86,3,-83,865
458,472,2/9/14,538,87,3,-85,865
459,476,2/10/14,539,87,3,-85,864
460,481,2/11/14,540,88,3,-84,862
461,482,2/12/14,541,88,3,-84,861
462,477,2/13/14,542,89,3,-85,859
463,486,2/15/14,543,89,3,-84,858
464,487,2/16/14,544,90,4,-86,857
465,490,2/17/14,545,90,4,-85,856
466,489,2/18/14,546,91,4,-85,855
467,488,2/19/14,547,91,4,-85,853
468,491,2/20/14,548,91,4,-86,852
469,492,2/21/14,549,92,4,-87,851
470,494,2/22/14,550,92,4,-85,850
471,495,2/23/14,551,93,4,-85,848
472,493,2/24/14,552,93,4,-86,847
473,496,2/25/14,553,94,4,-84,845
474,497,2/26/14,554,94,4,-84,843
475,499,2/27/14,555,95,4,-85,843
476,501,2/28/14,556,95,4,-85,842
477,498,3/1/14,557,96,4,-85,840
478,500,3/2/14,558,96,4,-85,839
479,502,3/3/14,559,96,4,-85,838
480,503,3/4/14,560,97,4,-86,836
481,504,3/5/14,561,97,4,-85,835
482,506,3/6/14,562,98,4,-85,834
483,505,3/7/14,563,98,4,-87,833
484,509,3/8/14,564,99,4,-86,831
485,508,3/9/14,565,99,4,-85,830
486,507,3/10/14,566,100,4,-86,829
487,510,3/11/14,567,100,4,-86,827
488,511,3/12/14,568,101,4,-86,825
489,512,3/13/14,569,101,4,-85,825
490,513,3/14/14,570,102,4,-84,823
491,515,3/15/14,571,102,4,-84,821
492,514,3/16/14,572,102,4,-85,820
493,516,3/17/14,573,103,4,-84,819
494,517,3/18/14,574,103,4,-85,817
495,518,3/19/14,575,104,4,-82,816
496,520,3/20/14,576,104,4,-84,815
497,519,3/21/14,577,105,4,-84,813
498,521,3/22/14,578,105,4,-83,812
499,522,3/24/14,579,106,4,-82,811
500,523,3/25/14,580,106,4,-83,810
501,524,3/26/14,581,107,4,-84,808
502,525,3/27/14,582,107,4,-84,807
503,526,3/28/14,583,108,4,-82,806
504,528,3/29/14,584,108,4,-82,804
505,527,3/30/14,585,109,4,-83,802
506,529,3/31/14,586,109,4,-82,802
507,530,4/1/14,587,109,4,-85,801
508,532,4/2/14,588,110,4,-84,799
509,531,4/3/14,589,110,4,-85,798
510,535,4/4/14,590,111,4,-82,797
511,533,4/5/14,591,111,4,-82,795
512,534,4/6/14,592,112,4,-83,795
513,536,4/7/14,593,112,4,-83,795
514,537,4/8/14,594,113,4,-83,793
515,538,4/9/14,595,113,4,-83,792
516,539,4/10/14,596,114,4,-82,791
517,540,4/11/14,597,114,4,-84,790
518,542,4/12/14,598,115,4,-84,787
519,543,4/13/14,599,115,4,-84,788
520,541,4/14/14,600,116,4,-81,787
521,544,4/15/14,601,116,4,-82,785
522,545,4/16/14,602,117,4,-82,784
523,548,4/17/14,603,117,4,-83,783
524,546,4/18/14,604,118,4,-84,782
525,547,4/19/14,605,118,4,-83,781
526,549,4/20/14,606,118,4,-84,780
527,550,4/21/14,607,119,4,-83,779
528,551,4/22/14,608,119,4,-85,777
529,552,4/23/14,609,120,5,-84,777
530,554,4/24/14,610,120,5,-85,776
531,555,4/25/14,611,121,5,-84,775
532,553,4/26/14,612,121,5,-85,774
533,556,4/27/14,613,122,5,-84,773
534,557,4/28/14,614,122,5,-82,772
535,558,4/29/14,615,123,5,-83,771
536,559,5/1/14,616,123,5,-82,769
537,561,5/2/14,617,124,5,-84,769
538,562,5/3/14,618,124,5,-83,769
539,560,5/4/14,619,125,5,-82,766
540,563,5/5/14,620,125,5,-83,765
541,564,5/6/14,621,126,5,-82,765
542,565,5/7/14,622,126,5,-84,763
543,566,5/8/14,623,127,5,-83,763
544,568,5/9/14,624,127,5,-82,762
545,569,5/10/14,625,128,5,-81,761
546,567,5/11/14,626,128,5,-82,760
547,570,5/12/14,627,129,5,-82,759
548,571,5/13/14,628,129,5,-81,759
549,572,5/14/14,629,130,5,-84,759
550,573,5/15/14,630,130,5,-82,757
551,576,5/16/14,631,131,5,-81,756
552,575,5/17/14,632,131,5,-79,755
553,574,5/18/14,633,132,5,-81,754
554,577,5/19/14,634,132,5,-82,753
555,578,5/20/14,635,133,5,-82,754
556,582,5/21/14,636,133,5,-81,752
557,580,5/22/14,637,134,5,-80,752
558,579,5/23/14,638,134,5,-80,751
559,581,5/24/14,639,135,5,-80,750
560,583,5/25/14,640,135,5,-81,750
561,584,5/26/14,641,136,5,-81,749
562,585,5/27/14,642,136,5,-80,749
563,586,5/28/14,643,137,5,-80,748
564,588,5/29/14,644,137,5,-80,748
565,589,5/30/14,645,138,5,-81,746
566,587,5/31/14,646,138,5,-81,746
567,590,6/1/14,647,139,5,-79,746
568,591,6/2/14,648,139,5,-80,746
569,592,6/3/14,649,140,5,-79,745
570,593,6/4/14,650,140,5,-80,743
571,595,6/5/14,651,141,5,-80,743
572,594,6/7/14,652,141,5,-79,745
573,596,6/8/14,653,142,5,-80,744
574,597,6/9/14,654,142,5,-79,742
575,598,6/10/14,655,143,5,-77,741
576,599,6/11/14,656,143,5,-80,740
577,600,6/12/14,657,144,5,-79,739
578,602,6/13/14,658,144,5,-79,739
579,603,6/14/14,659,145,5,-77,738
580,601,6/15/14,660,145,5,-78,735
581,604,6/16/14,661,146,5,-76,735
582,605,6/17/14,662,146,5,-77,735
583,609,6/18/14,663,147,5,-77,734
584,607,6/19/14,664,147,5,-78,732
585,610,6/20/14,665,148,5,-78,735
586,608,6/21/14,666,148,5,-77,736
587,606,6/22/14,667,149,5,-76,736
588,611,6/23/14,668,150,6,-75,734
589,613,6/24/14,669,150,6,-84,735
590,612,6/25/14,670,151,6,-79,737
591,614,6/26/14,671,151,6,-79,740
592,615,6/27/14,672,152,6,-78,739
593,616,6/28/14,673,152,6,-78,738
594,617,6/29/14,674,153,6,-80,739
595,618,6/30/14,675,153,6,-80,740
596,619,7/1/14,676,154,6,-80,738
597,622,7/2/14,677,154,6,-78,737
598,621,7/3/14,678,155,6,-77,739
599,624,7/4/14,679,155,6,-77,738
600,620,7/5/14,680,156,6,-76,740
601,623,7/6/14,681,156,6,-79,738
602,625,7/7/14,682,157,6,-77,739
603,626,7/8/14,683,158,6,-79,741
604,627,7/9/14,684,158,6,-75,741
605,628,7/10/14,685,159,6,-77,740
606,629,7/11/14,686,159,6,-76,738
607,630,7/12/14,687,160,6,-77,739
608,631,7/14/14,688,160,6,-77,741
609,632,7/15/14,689,161,6,-76,742
610,633,7/16/14,690,161,6,-77,741
611,634,7/17/14,691,162,6,-76,741
612,637,7/18/14,692,162,6,-76,742
613,636,7/19/14,693,163,6,-76,741
614,635,7/20/14,694,164,6,-75,740
615,638,7/21/14,695,164,6,-76,741
616,639,7/22/14,696,165,6,-75,743
617,640,7/23/14,697,165,6,-74,743
618,641,7/24/14,698,166,6,-77,743
619,642,7/25/14,699,166,6,-76,744
620,643,7/26/14,700,167,6,-75,745
621,644,7/27/14,701,167,6,-77,745
622,645,7/28/14,702,168,6,-76,745
623,646,7/29/14,703,169,6,-75,747
624,647,7/30/14,704,169,6,-75,747
625,648,7/31/14,705,170,6,-76,746
626,650,8/1/14,706,170,6,-76,748
627,651,8/2/14,707,171,6,-76,749
628,649,8/3/14,708,171,6,-76,749
629,652,8/4/14,709,172,6,-73,750
630,653,8/5/14,710,172,6,-77,751
631,654,8/6/14,711,173,6,-75,751
632,658,8/7/14,712,174,6,-77,752
633,656,8/8/14,713,174,6,-76,754
634,655,8/9/14,714,175,6,-76,754
635,657,8/10/14,715,175,6,-73,755
636,659,8/11/14,716,176,6,-75,755
637,661,8/12/14,717,176,6,-76,756
638,660,8/13/14,718,177,6,-77,757
639,662,8/14/14,719,178,6,-77,758
640,663,8/15/14,720,178,6,-74,760
641,664,8/16/14,721,179,6,-73,761
642,665,8/17/14,722,179,6,-74,760
643,666,8/18/14,723,180,7,-73,761
644,667,8/19/14,724,181,7,-74,763
645,669,8/21/14,725,181,7,-73,764
646,668,8/22/14,726,182,7,-75,766
647,671,8/23/14,727,182,7,-76,766
648,670,8/24/14,728,183,7,-74,766
649,672,8/25/14,729,183,7,-75,768
650,676,8/26/14,730,184,7,-76,770
651,673,8/27/14,731,185,7,-75,771
652,677,8/28/14,732,185,7,-75,773
653,674,8/29/14,733,186,7,-74,773
654,675,8/30/14,734,186,7,-73,776
655,678,8/31/14,735,187,7,-73,776
656,679,9/1/14,736,188,7,-76,776
657,680,9/2/14,737,188,7,-74,777
658,681,9/3/14,738,189,7,-75,778
659,682,9/4/14,739,189,7,-77,779
660,685,9/5/14,740,190,7,-76,782
661,683,9/6/14,741,191,7,-70,784
662,684,9/7/14,742,191,7,-72,784
663,686,9/8/14,743,192,7,-72,786
664,687,9/9/14,744,192,7,-75,786
665,689,9/10/14,745,193,7,-74,787
666,688,9/11/14,746,194,7,-76,788
667,691,9/12/14,747,194,7,-73,789
668,690,9/13/14,748,195,7,-71,791
669,692,9/14/14,749,195,7,-73,794
670,693,9/15/14,750,196,7,-72,796
671,695,9/16/14,751,197,7,-72,797
672,694,9/17/14,752,197,7,-71,798
673,698,9/18/14,753,198,7,-73,800
674,696,9/19/14,754,198,7,-73,802
675,697,9/20/14,755,199,7,-74,806
676,699,9/21/14,756,200,7,-73,806
677,700,9/22/14,757,200,7,-73,807
678,701,9/23/14,758,201,7,-71,810
679,702,9/24/14,759,201,7,-77,809
680,704,9/25/14,760,202,7,-70,810
681,705,9/27/14,761,203,7,-72,814
682,703,9/28/14,762,203,7,-75,814
683,706,9/29/14,763,204,7,-78,817
684,707,9/30/14,764,205,7,-73,821
685,708,10/1/14,765,205,7,-73,820
686,709,10/2/14,766,206,7,-70,824
687,710,10/3/14,767,206,7,-71,824
688,712,10/4/14,768,207,7,-73,826
689,711,10/5/14,769,208,7,-73,829
690,713,10/6/14,770,208,7,-70,829
691,714,10/7/14,771,209,7,-71,836
692,715,10/8/14,772,210,8,-71,835
693,716,10/9/14,773,210,8,-70,838
694,719,10/10/14,774,211,8,-73,838
695,717,10/11/14,775,211,8,-71,838
696,718,10/12/14,776,212,8,-72,841
697,720,10/13/14,777,213,8,-72,841
698,721,10/14/14,778,213,8,-70,846
699,722,10/15/14,779,214,8,-71,845
700,723,10/16/14,780,215,8,-72,852
701,725,10/17/14,781,215,8,-74,849
702,724,10/18/14,782,216,8,-71,854
703,727,10/19/14,783,216,8,-69,853
704,726,10/20/14,784,217,8,-69,857
705,728,10/21/14,785,218,8,-74,858
706,729,10/22/14,786,218,8,-74,861
707,732,10/23/14,787,219,8,-73,860
708,731,10/24/14,788,220,8,-68,862
709,730,10/25/14,789,220,8,-68,862
710,733,10/26/14,790,221,8,-68,864
711,734,10/27/14,791,222,8,-70,867
712,735,10/28/14,792,222,8,-71,873
713,736,10/29/14,793,223,8,-71,877
714,739,10/30/14,794,223,8,-68,874
715,738,10/31/14,795,224,8,-68,875
716,737,11/1/14,796,225,8,-65,877
717,740,11/3/14,797,225,8,-65,879
718,741,11/4/14,798,226,8,-67,883
719,743,11/5/14,799,227,8,-70,884
720,742,11/6/14,800,227,8,-67,884
721,746,11/7/14,801,228,8,-70,884
722,745,11/8/14,802,229,8,-69,887
723,744,11/9/14,803,229,8,-69,888
724,747,11/10/14,804,230,8,-73,891
725,748,11/11/14,805,231,8,-70,893
726,750,11/12/14,806,231,8,-69,893
727,749,11/13/14,807,232,8,-71,892
728,752,11/14/14,808,232,8,-67,893
729,753,11/15/14,809,233,8,-70,895
730,751,11/16/14,810,234,8,-69,897
731,754,11/17/14,811,234,8,-71,900
732,755,11/18/14,812,235,8,-75,902
733,756,11/19/14,813,236,8,-67,904
734,757,11/20/14,814,236,8,-68,902
735,759,11/21/14,815,237,8,-69,905
736,758,11/22/14,816,238,8,-74,909
737,761,11/23/14,817,238,8,-69,913
738,760,11/24/14,818,239,8,-68,914
739,763,11/25/14,819,240,9,-71,913
740,765,11/26/14,820,240,9,-68,910
741,762,11/27/14,821,241,9,-68,910
742,764,11/28/14,822,242,9,-71,911
743,766,11/29/14,823,242,9,-69,912
744,768,11/30/14,824,243,9,-67,914
745,767,12/1/14,825,243,9,-67,914
746,770,12/2/14,826,244,9,-68,914
747,769,12/3/14,827,245,9,-68,911
748,771,12/4/14,828,245,9,-71,914
749,773,12/5/14,829,246,9,-71,914
750,772,12/6/14,830,247,9,-68,918
751,774,12/7/14,831,247,9,-68,920
752,775,12/8/14,832,248,9,-68,924
753,776,12/9/14,833,249,9,-69,923
754,777,12/11/14,834,249,9,-68,918
755,780,12/12/14,835,250,9,-69,917
756,778,12/13/14,836,251,9,-69,916
757,779,12/14/14,837,251,9,-69,916
758,782,12/15/14,838,252,9,-69,917
759,781,12/16/14,839,253,9,-70,917
760,783,12/17/14,840,253,9,-74,913
761,784,12/18/14,841,254,9,-75,914
762,790,12/19/14,842,255,9,-69,914
763,793,12/20/14,843,255,9,-69,916
764,788,12/21/14,844,256,9,-68,917
765,786,12/22/14,845,257,9,-73,920
766,785,12/23/14,846,257,9,-74,925
767,791,12/24/14,847,258,9,-69,918
768,792,12/25/14,848,258,9,-69,918
769,787,12/26/14,849,259,9,-69,918
770,789,12/27/14,850,260,9,-68,918
771,794,12/28/14,851,260,9,-68,919
772,797,12/29/14,852,261,9,-73,916
773,796,12/30/14,853,262,9,-67,913
774,798,12/31/14,854,262,9,-66,910
775,799,1/1/15,855,263,9,-69,912
776,795,1/2/15,856,264,9,-68,912
777,801,1/3/15,857,264,9,-76,911
778,800,1/4/15,858,265,9,-73,913
779,802,1/5/15,859,266,9,-72,915
780,803,1/6/15,860,266,9,-69,916
781,804,1/7/15,861,267,9,-70,917
782,807,1/8/15,862,268,9,-70,917
783,805,1/9/15,863,268,9,-72,916
784,806,1/10/15,864,269,9,-70,914
785,808,1/11/15,865,270,10,-70,913
786,809,1/12/15,866,270,10,-71,911
787,810,1/13/15,867,271,10,-71,910
788,811,1/14/15,868,271,10,-71,908
789,812,1/15/15,869,272,10,-72,906
790,813,1/17/15,870,273,10,-74,909
791,814,1/18/15,871,273,10,-70,903
792,815,1/19/15,872,274,10,-72,902
793,817,1/28/15,881,280,10,-73,899
794,818,1/29/15,882,280,10,-76,901
795,820,1/30/15,883,281,10,-74,897
796,821,1/31/15,884,282,10,-71,897
797,819,2/1/15,885,282,10,-71,895
798,823,2/2/15,886,283,10,-73,894
799,822,2/3/15,887,284,10,-73,897
800,824,2/4/15,888,284,10,-70,896
801,825,2/5/15,889,285,10,-70,895
802,826,2/6/15,890,286,10,-72,892
803,827,2/7/15,891,286,10,-72,892
804,828,2/8/15,892,287,10,-71,892
805,829,2/9/15,893,287,10,-72,890
806,830,2/10/15,894,288,10,-75,891
807,831,2/11/15,895,289,10,-72,889
808,833,2/12/15,896,289,10,-70,888
809,832,2/13/15,897,290,10,-72,884
810,834,2/14/15,898,291,10,-72,883
811,835,2/15/15,899,291,10,-75,881
812,836,2/16/15,900,292,10,-70,883
813,837,2/17/15,901,292,10,-71,885
814,838,2/18/15,902,293,10,-68,883
815,839,2/19/15,903,294,10,-71,882
816,841,2/20/15,904,294,10,-71,878
817,840,2/21/15,905,295,10,-71,880
818,843,2/22/15,906,296,10,-76,878
819,842,2/24/15,907,296,10,-75,879
820,844,2/25/15,908,297,10,-71,883
821,845,2/26/15,909,297,10,-70,878
822,847,2/27/15,910,298,10,-73,878
823,846,2/28/15,911,299,10,-70,874
824,849,3/1/15,912,299,10,-75,875
825,848,3/2/15,913,300,11,-71,871
826,850,3/3/15,914,300,11,-71,874
827,851,3/4/15,915,301,11,-71,878
828,852,3/5/15,916,302,11,-71,872
829,854,3/6/15,917,302,11,-76,871
830,853,3/7/15,918,303,11,-71,867
831,855,3/8/15,919,304,11,-74,870
832,856,3/9/15,920,304,11,-72,868
833,857,3/10/15,921,305,11,-70,867
834,858,3/11/15,922,305,11,-73,870
835,859,3/12/15,923,306,11,-72,867
836,861,3/13/15,924,307,11,-74,867
837,860,3/14/15,925,307,11,-71,862
838,862,3/15/15,926,308,11,-76,864
839,863,3/16/15,927,308,11,-76,862
840,864,3/17/15,928,309,11,-72,862
841,865,3/18/15,929,310,11,-75,866
842,868,3/19/15,930,310,11,-75,865
843,867,3/20/15,931,311,11,-69,864
844,866,3/21/15,932,311,11,-71,859
845,869,3/22/15,933,312,11,-71,863
846,870,3/23/15,934,313,11,-73,858
847,872,3/24/15,935,313,11,-75,862
848,871,3/25/15,936,314,11,-72,865
849,874,3/26/15,937,314,11,-73,863
850,876,3/29/15,940,316,11,-73,861
851,875,3/30/15,941,317,11,-74,857
852,880,3/31/15,942,317,11,-74,857
853,877,4/2/15,943,318,11,-73,854
854,878,4/3/15,944,318,11,-70,852
855,881,4/4/15,945,319,11,-72,851
856,879,4/5/15,946,320,11,-77,850
857,882,4/6/15,947,320,11,-70,853
858,883,4/7/15,948,321,11,-73,854
859,884,4/8/15,949,321,11,-72,851
860,885,4/9/15,950,322,11,-73,850
861,888,4/10/15,951,323,11,-75,849
862,886,4/11/15,952,323,11,-69,847
863,887,4/12/15,953,324,11,-71,847
864,889,4/13/15,954,324,11,-73,847
865,892,4/17/15,958,327,11,-74,848
866,891,4/18/15,959,327,11,-78,846
867,893,4/19/15,960,328,11,-76,846
868,895,4/20/15,961,328,11,-71,849
869,894,4/21/15,962,329,11,-73,845
870,896,4/22/15,963,329,11,-71,850
871,897,4/23/15,964,330,12,-72,847
872,898,4/24/15,965,331,12,-75,847
873,900,4/25/15,966,331,12,-73,850
874,899,4/26/15,967,332,12,-74,844
875,901,4/27/15,968,332,12,-71,848
876,902,4/28/15,969,333,12,-72,844
877,903,4/29/15,970,333,12,-71,849
878,906,4/30/15,971,334,12,-71,848
879,904,5/1/15,972,334,12,-73,847
880,905,5/2/15,973,335,12,-72,844
881,907,5/3/15,974,336,12,-73,842
882,908,5/4/15,975,336,12,-73,843
883,909,5/5/15,976,337,12,-75,842
884,910,5/6/15,977,337,12,-75,841
885,913,5/7/15,978,338,12,-73,842
886,912,5/9/15,979,338,12,-79,841
887,911,5/10/15,980,339,12,-73,840
888,914,5/11/15,981,339,12,-73,841
889,917,5/12/15,982,340,12,-74,840
890,916,5/13/15,983,340,12,-76,840
891,915,5/14/15,984,341,12,-74,840
892,918,5/15/15,985,342,12,-78,840
893,919,5/16/15,986,342,12,-74,840
894,920,5/17/15,987,343,12,-74,839
895,922,5/18/15,988,343,12,-75,840
896,921,5/19/15,989,344,12,-74,841
897,923,5/20/15,990,344,12,-76,839
898,926,5/21/15,991,345,12,-73,840
899,924,5/22/15,992,345,12,-73,842
900,927,5/23/15,993,346,12,-73,840
901,925,5/24/15,994,346,12,-79,842
902,929,5/25/15,995,347,12,-74,842
903,928,5/26/15,996,348,12,-72,842
904,930,5/27/15,997,348,12,-74,843
905,931,5/28/15,998,349,12,-73,842
906,932,5/30/15,1000,350,12,-74,841
907,933,5/31/15,1001,350,12,-79,843
908,936,6/1/15,1002,351,12,-77,844
909,934,6/2/15,1003,351,12,-74,843
910,935,6/3/15,1004,352,12,-74,842
911,939,6/4/15,1005,352,12,-75,843
912,941,6/5/15,1006,353,12,-78,844
913,937,6/6/15,1007,353,12,-79,845
914,940,6/7/15,1008,354,12,-79,844
915,946,6/8/15,1009,354,12,-75,845
916,947,6/9/15,1010,355,12,-74,846
917,948,6/10/15,1011,355,12,-78,845
918,949,6/11/15,1012,356,12,-81,846
919,953,6/12/15,1013,356,12,-80,846
920,950,6/13/15,1014,357,12,-77,846
921,951,6/14/15,1015,357,12,-75,847
922,952,6/16/15,1016,358,12,-76,847
923,955,6/17/15,1017,359,12,-78,850
924,956,6/18/15,1018,359,12,-79,850
925,954,6/19/15,1019,0,1,-81,849
926,938,6/20/15,1020,0,1,-63,832
927,942,6/21/15,1021,1,1,-76,850
928,944,6/22/15,1022,1,1,-75,852
929,943,6/23/15,1023,2,1,-76,851
930,945,6/24/15,1024,2,1,-76,851
931,958,6/25/15,1025,3,1,-74,851
932,957,6/26/15,1026,3,1,-78,851
933,960,6/28/15,1028,4,1,-75,853
934,959,6/29/15,1029,5,1,-75,856
935,961,6/30/15,1030,5,1,-77,855
936,963,7/1/15,1031,6,1,-76,854
937,962,7/2/15,1032,6,1,-74,854
938,965,7/3/15,1033,7,1,-77,856
939,964,7/4/15,1034,7,1,-76,859
940,966,7/5/15,1035,8,1,-77,857
941,967,7/6/15,1036,8,1,-76,856
942,968,7/7/15,1037,9,1,-80,856
943,969,7/8/15,1038,9,1,-76,858
944,970,7/9/15,1039,10,1,-77,857
945,972,7/10/15,1040,10,1,-77,858
946,971,7/11/15,1041,11,1,-77,859
947,973,7/12/15,1042,11,1,-76,859
948,974,7/13/15,1043,12,1,-77,860
949,975,7/14/15,1044,12,1,-79,860
950,978,7/15/15,1045,13,1,-80,861
951,979,7/16/15,1046,13,1,-77,862
952,977,7/17/15,1047,14,1,-77,863
953,976,7/18/15,1048,14,1,-78,864
954,980,7/19/15,1049,15,1,-75,864
955,981,7/20/15,1050,15,1,-76,863
956,983,7/21/15,1051,16,1,-76,864
957,982,7/23/15,1052,16,1,-78,865
958,984,7/24/15,1053,17,1,-79,865
959,985,7/25/15,1054,17,1,-77,867
960,987,7/26/15,1055,17,1,-77,868
961,986,7/27/15,1056,18,1,-76,868
962,988,7/28/15,1057,18,1,-78,867
963,989,7/29/15,1058,19,1,-78,868
964,990,7/30/15,1059,19,1,-78,870
965,992,7/31/15,1060,20,1,-78,870
966,993,8/1/15,1061,20,1,-77,871
967,991,8/2/15,1062,21,1,-77,871
968,994,8/3/15,1063,21,1,-79,871
969,996,8/4/15,1064,22,1,-77,871
970,995,8/5/15,1065,22,1,-78,873
971,997,8/6/15,1066,23,1,-78,875
972,998,8/7/15,1067,23,1,-79,875
973,1000,8/8/15,1068,24,1,-76,874
974,999,8/9/15,1069,24,1,-77,876
975,1001,8/10/15,1070,25,1,-80,877
976,1002,8/11/15,1071,25,1,-78,878
977,1003,8/12/15,1072,26,1,-78,879
978,1004,8/13/15,1073,26,1,-82,879
979,1005,8/14/15,1074,27,1,-77,878
980,1006,8/15/15,1075,27,1,-77,879
981,1007,8/16/15,1076,28,1,-81,880
982,1008,8/17/15,1077,28,1,-79,880
983,1009,8/18/15,1078,29,1,-80,881
984,1010,8/19/15,1079,29,1,-80,882
985,1013,8/20/15,1080,29,1,-77,882
986,1011,8/21/15,1081,30,2,-77,882
987,1012,8/22/15,1082,30,2,-79,882
988,1014,8/23/15,1083,31,2,-80,883
989,1015,8/24/15,1084,31,2,-78,885
990,1017,8/25/15,1085,32,2,-79,886
991,1016,8/26/15,1086,32,2,-77,885
992,1019,8/27/15,1087,33,2,-78,885
993,1020,8/29/15,1088,33,2,-77,885
994,1018,8/30/15,1089,34,2,-76,885
995,1021,8/31/15,1090,34,2,-78,886
996,1022,9/1/15,1091,35,2,-77,886
997,1023,9/2/15,1092,35,2,-79,886
998,1024,9/3/15,1093,36,2,-77,887
999,1026,9/4/15,1094,36,2,-80,888
1000,1027,9/5/15,1095,36,2,-79,888
1001,1025,9/6/15,1096,37,2,-79,888
1002,1028,9/7/15,1097,37,2,-78,889
1003,1029,9/8/15,1098,38,2,-77,890
1004,1030,9/9/15,1099,38,2,-78,891
1005,1031,9/10/15,1100,39,2,-79,890
1006,1034,9/11/15,1101,39,2,-80,891
1007,1032,9/12/15,1102,40,2,-84,892
1008,1033,9/13/15,1103,40,2,-81,893
1009,1035,9/14/15,1104,41,2,-79,893
1010,1036,9/15/15,1105,41,2,-78,892
1011,1037,9/16/15,1106,42,2,-82,893
1012,1040,9/17/15,1107,42,2,-79,893
1013,1038,9/18/15,1108,42,2,-78,895
1014,1039,9/19/15,1109,43,2,-82,895
1015,1041,9/20/15,1110,43,2,-81,895
1016,1042,9/21/15,1111,44,2,-79,896
1017,1043,9/22/15,1112,44,2,-80,895
1018,1044,9/23/15,1113,45,2,-79,895
1019,1045,9/24/15,1114,45,2,-79,896
1020,1047,9/25/15,1115,46,2,-80,897
1021,1046,9/26/15,1116,46,2,-79,898
1022,1048,9/27/15,1117,47,2,-79,898
1023,1049,9/28/15,1118,47,2,-80,898
1024,1050,9/29/15,1119,48,2,-81,899
1025,1051,9/30/15,1120,48,2,-80,900
1026,1052,10/1/15,1121,48,2,-81,901
1027,1053,10/2/15,1122,49,2,-79,901
1028,1054,10/3/15,1123,49,2,-79,900
1029,1055,10/4/15,1124,50,2,-80,900
1030,1056,10/6/15,1125,50,2,-79,900
1031,1057,10/7/15,1126,51,2,-79,901
1032,1058,10/8/15,1127,51,2,-80,901
1033,1059,10/9/15,1128,52,2,-79,902
1034,1060,10/10/15,1129,52,2,-80,902
1035,1061,10/11/15,1130,53,2,-81,902
1036,1062,10/12/15,1131,53,2,-81,902
1037,1063,10/13/15,1132,53,2,-82,902
1038,1064,10/14/15,1133,54,2,-82,902
1039,1065,10/15/15,1134,54,2,-80,902
1040,1069,10/16/15,1135,55,2,-81,901
1041,1066,10/17/15,1136,55,2,-82,901
1042,1068,10/18/15,1137,56,2,-81,901
1043,1067,10/19/15,1138,56,2,-82,901
1044,1070,10/20/15,1139,57,2,-80,901
1045,1071,10/21/15,1140,57,2,-81,901
1046,1072,10/22/15,1141,57,2,-82,902
1047,1073,10/23/15,1142,58,2,-82,902
1048,1074,10/24/15,1143,58,2,-82,901
1049,1075,10/25/15,1144,59,2,-82,902
1050,1076,10/26/15,1145,59,2,-82,903
1051,1077,10/27/15,1146,60,3,-82,902
1052,1078,10/28/15,1147,60,3,-80,901
1053,1080,10/29/15,1148,61,3,-80,901
1054,1079,10/30/15,1149,61,3,-81,902
1055,1081,10/31/15,1150,62,3,-82,902
1056,1082,11/1/15,1151,62,3,-82,901
1057,1086,11/2/15,1152,62,3,-80,901
1058,1083,11/3/15,1153,63,3,-82,900
1059,1088,11/4/15,1154,63,3,-84,900
1060,1084,11/5/15,1155,64,3,-84,900
1061,1085,11/6/15,1156,64,3,-84,900
1062,1087,11/7/15,1157,65,3,-82,900
1063,1089,11/8/15,1158,65,3,-82,898
1064,1090,11/9/15,1159,66,3,-82,898
1065,1091,11/10/15,1160,66,3,-80,899
1066,1092,11/12/15,1161,66,3,-83,898
1067,1093,11/13/15,1162,67,3,-84,897
1068,1094,11/14/15,1163,67,3,-86,896
1069,1095,11/15/15,1164,68,3,-86,896
1070,1096,11/16/15,1165,68,3,-84,897
1071,1097,11/17/15,1166,69,3,-84,895
1072,1098,11/18/15,1167,69,3,-84,894
1073,1102,11/19/15,1168,70,3,-84,894
1074,1100,11/20/15,1169,70,3,-89,894
1075,1101,11/21/15,1170,71,3,-85,893
1076,1099,11/22/15,1171,71,3,-87,892
1077,1104,11/23/15,1172,71,3,-87,892
1078,1103,11/24/15,1173,72,3,-87,892
1079,1105,11/25/15,1174,72,3,-85,891
1080,1106,11/26/15,1175,73,3,-85,890
1081,1107,11/27/15,1176,73,3,-84,890
1082,1108,11/28/15,1177,74,3,-84,888
1083,1109,11/29/15,1178,74,3,-86,888
1084,1110,11/30/15,1179,75,3,-85,887
1085,1111,12/1/15,1180,75,3,-86,886
1086,1112,12/2/15,1181,75,3,-86,885
1087,1114,12/3/15,1182,76,3,-85,884
1088,1113,12/4/15,1183,76,3,-86,883
1089,1115,12/5/15,1184,77,3,-85,882
1090,1116,12/6/15,1185,77,3,-84,881
1091,1117,12/7/15,1186,78,3,-86,881
1092,1118,12/8/15,1187,78,3,-84,881
1093,1119,12/9/15,1188,79,3,-90,881
1094,1120,12/10/15,1189,79,3,-87,879
1095,1121,12/11/15,1190,79,3,-87,877
1096,1122,12/12/15,1191,80,3,-87,876
1097,1123,12/13/15,1192,80,3,-86,876
1098,1124,12/14/15,1193,81,3,-84,875
1099,1125,12/15/15,1194,81,3,-84,873
1100,1126,12/16/15,1195,82,3,-86,872
1101,1129,12/17/15,1196,82,3,-86,871
1102,1127,12/18/15,1197,83,3,-85,869
1103,1128,12/20/15,1198,83,3,-86,868
1104,1130,12/21/15,1199,84,3,-86,868
1105,1131,12/22/15,1200,84,3,-84,866
1106,1132,12/23/15,1201,84,3,-85,866
1107,1133,12/24/15,1202,85,3,-85,864
1108,1136,12/25/15,1203,85,3,-85,863
1109,1135,12/26/15,1204,86,3,-84,862
1110,1134,12/27/15,1205,86,3,-86,861
1111,1137,12/28/15,1206,87,3,-85,859
1112,1138,12/29/15,1207,87,3,-85,858
1113,1139,12/30/15,1208,88,3,-85,857
1114,1141,12/31/15,1209,88,3,-85,855
1115,1140,1/1/16,1210,88,3,-85,854
1116,1142,1/2/16,1211,89,3,-83,853
1117,1143,1/3/16,1212,89,3,-86,851
1118,1145,1/4/16,1213,90,4,-84,851
1119,1144,1/5/16,1214,90,4,-85,849
1120,1146,1/6/16,1215,91,4,-85,848
1121,1147,1/7/16,1216,91,4,-86,847
1122,1148,1/8/16,1217,92,4,-88,846
1123,1149,1/9/16,1218,92,4,-86,845
1124,1150,1/10/16,1219,93,4,-87,844
1125,1151,1/11/16,1220,93,4,-87,842
1126,1152,1/12/16,1221,93,4,-87,841
1127,1153,1/13/16,1222,94,4,-87,840
1128,1155,1/14/16,1223,94,4,-88,839
1129,1154,1/15/16,1224,95,4,-88,837
1130,1156,1/16/16,1225,95,4,-87,836
1131,1157,1/17/16,1226,96,4,-87,835
1132,1158,1/18/16,1227,96,4,-88,833
1133,1159,1/19/16,1228,97,4,-88,832
1134,1160,1/20/16,1229,97,4,-88,831
1135,1161,1/21/16,1230,98,4,-88,830
1136,1162,1/22/16,1231,98,4,-88,828
1137,1163,1/23/16,1232,99,4,-88,827
1138,1164,1/24/16,1233,99,4,-88,826
1139,1166,1/26/16,1234,99,4,-88,824
1140,1165,1/27/16,1235,100,4,-88,824
1141,1170,1/28/16,1236,100,4,-87,822
1142,1169,1/29/16,1237,101,4,-88,820
1143,1167,1/30/16,1238,101,4,-87,819
1144,1168,1/31/16,1239,102,4,-89,818
1145,1171,2/1/16,1240,102,4,-87,816
1146,1172,2/2/16,1241,103,4,-87,816
1147,1173,2/3/16,1242,103,4,-87,815
1148,1174,2/4/16,1243,104,4,-86,814
1149,1175,2/5/16,1244,104,4,-85,812
1150,1176,2/6/16,1245,105,4,-86,811
1151,1178,2/7/16,1246,105,4,-85,810
1152,1177,2/8/16,1247,105,4,-85,809
1153,1179,2/9/16,1248,106,4,-86,807
1154,1180,2/10/16,1249,106,4,-85,806
1155,1182,2/11/16,1250,107,4,-85,804
1156,1185,2/12/16,1251,107,4,-85,803
1157,1184,2/13/16,1252,108,4,-85,802
1158,1181,2/14/16,1253,108,4,-85,800
1159,1183,2/15/16,1254,109,4,-84,799
1160,1187,2/16/16,1255,109,4,-84,798
1161,1186,2/17/16,1256,110,4,-84,797
1162,1188,2/18/16,1257,110,4,-84,794
1163,1189,2/19/16,1258,111,4,-83,794
1164,1190,2/20/16,1259,111,4,-84,794
1165,1191,2/21/16,1260,112,4,-83,792
1166,1192,2/22/16,1261,112,4,-81,790
1167,1193,2/23/16,1262,112,4,-81,790
1168,1194,2/24/16,1263,113,4,-84,788
1169,1195,2/25/16,1264,113,4,-84,787
1170,1197,2/26/16,1265,114,4,-81,787
1171,1196,2/27/16,1266,114,4,-82,787
1172,1198,2/28/16,1267,115,4,-83,786
1173,1199,2/29/16,1268,115,4,-83,784
1174,1201,3/1/16,1269,116,4,-83,782
1175,1200,3/3/16,1270,116,4,-82,782
1176,1202,3/4/16,1271,117,4,-84,781
1177,1203,3/5/16,1272,117,4,-81,780
1178,1204,3/6/16,1273,118,4,-79,778
1179,1205,3/7/16,1274,118,4,-82,777
1180,1206,3/8/16,1275,119,4,-82,775
1181,1207,3/9/16,1276,119,4,-83,774
1182,1208,3/10/16,1277,120,5,-84,774
1183,1210,3/11/16,1278,120,5,-83,773
1184,1209,3/12/16,1279,121,5,-83,772
1185,1211,3/13/16,1280,121,5,-84,771
1186,1212,3/14/16,1281,122,5,-83,769
1187,1213,3/15/16,1282,122,5,-81,768
1188,1214,3/16/16,1283,123,5,-82,767
1189,1216,3/17/16,1284,123,5,-80,767
1190,1217,3/18/16,1285,123,5,-80,766
1191,1215,3/19/16,1286,124,5,-80,765
1192,1218,3/20/16,1287,124,5,-80,764
1193,1219,3/21/16,1288,125,5,-80,763
1194,1220,3/24/16,1291,126,5,-80,760
1195,1222,3/25/16,1292,127,5,-81,760
1196,1221,3/26/16,1293,127,5,-81,758
1197,1223,3/27/16,1294,128,5,-79,758
1198,1224,3/28/16,1295,128,5,-79,757
1199,1226,3/29/16,1296,129,5,-79,756
1200,1225,3/30/16,1297,129,5,-80,755
1201,1229,3/31/16,1298,130,5,-79,755
1202,1228,4/1/16,1299,130,5,-80,753
1203,1227,4/2/16,1300,131,5,-79,752
1204,1230,4/3/16,1301,131,5,-78,752
1205,1231,4/4/16,1302,132,5,-80,751
1206,1232,4/5/16,1303,132,5,-78,751
1207,1233,4/6/16,1304,133,5,-80,750
1208,1235,4/7/16,1305,133,5,-80,749
1209,1234,4/8/16,1306,134,5,-79,748
1210,1236,4/10/16,1307,134,5,-80,748
1211,1237,4/11/16,1308,135,5,-81,748
1212,1238,4/12/16,1309,135,5,-81,747
1213,1239,4/13/16,1310,136,5,-76,745
1214,1240,4/14/16,1311,136,5,-78,745
1215,1243,4/15/16,1312,137,5,-77,745
1216,1241,4/16/16,1313,137,5,-77,745
1217,1242,4/17/16,1314,138,5,-78,744
1218,1244,4/18/16,1315,138,5,-77,744
1219,1245,4/19/16,1316,139,5,-80,744
1220,1246,4/20/16,1317,139,5,-80,743
1221,1247,4/21/16,1318,140,5,-80,743
1222,1248,4/22/16,1319,140,5,-78,742
1223,1250,4/23/16,1320,141,5,-77,741
1224,1249,4/24/16,1321,141,5,-77,740
1225,1251,4/25/16,1322,142,5,-78,740
1226,1252,4/26/16,1323,142,5,-77,738
1227,1253,4/27/16,1324,143,5,-78,738
1228,1256,4/28/16,1325,144,5,-78,738
1229,1254,4/29/16,1326,144,5,-77,738
1230,1255,4/30/16,1327,145,5,-76,736
1231,1257,5/1/16,1328,145,5,-77,735
1232,1258,5/2/16,1329,146,5,-74,735
1233,1259,5/3/16,1330,146,5,-78,734
1234,1260,5/4/16,1331,147,5,-76,734
1235,1262,5/5/16,1332,147,5,-78,734
1236,1263,5/6/16,1333,148,5,-76,733
1237,1261,5/7/16,1334,148,5,-77,732
1238,1264,5/8/16,1335,149,5,-77,732
1239,1265,5/9/16,1336,149,5,-75,732
1240,1266,5/10/16,1337,150,6,-76,734
1241,1267,5/11/16,1338,150,6,-75,734
1242,1268,5/12/16,1339,151,6,-77,733
1243,1269,5/13/16,1340,151,6,-76,734
1244,1270,5/14/16,1341,152,6,-76,735
1245,1271,5/15/16,1342,152,6,-80,735
1246,1272,5/17/16,1343,153,6,-74,735
1247,1273,5/18/16,1344,153,6,-75,734
1248,1276,5/19/16,1345,154,6,-75,735
1249,1274,5/20/16,1346,155,6,-75,737
1250,1277,5/21/16,1347,155,6,-75,736
1251,1275,5/22/16,1348,156,6,-76,735
1252,1278,5/23/16,1349,156,6,-73,737
1253,1279,5/24/16,1350,157,6,-73,738
1254,1280,5/25/16,1351,157,6,-72,739
1255,1283,5/26/16,1352,158,6,-73,736
1256,1281,5/27/16,1353,158,6,-76,737
1257,1282,5/28/16,1354,159,6,-75,739
1258,1284,5/29/16,1355,159,6,-75,740
1259,1286,5/30/16,1356,160,6,-74,739
1260,1285,5/31/16,1357,160,6,-72,738
1261,1287,6/1/16,1358,161,6,-74,738
1262,1288,6/2/16,1359,162,6,-76,739
1263,1289,6/3/16,1360,162,6,-76,739
1264,1290,6/4/16,1361,163,6,-75,739
1265,1291,6/5/16,1362,163,6,-74,739
1266,1292,6/6/16,1363,164,6,-75,740
1267,1293,6/7/16,1364,164,6,-74,740
1268,1294,6/8/16,1365,165,6,-74,739
1269,1295,6/9/16,1366,165,6,-75,740
1270,1296,6/10/16,1367,166,6,-74,743
1271,1297,6/11/16,1368,167,6,-74,743
1272,1299,6/12/16,1369,167,6,-73,742
1273,1298,6/13/16,1370,168,6,-74,744
1274,1301,6/14/16,1371,168,6,-75,746
1275,1300,6/15/16,1372,169,6,-74,745
1276,1303,6/16/16,1373,169,6,-74,746
1277,1302,6/17/16,1374,170,6,-75,748
1278,1304,6/18/16,1375,170,6,-73,749
1279,1305,6/19/16,1376,171,6,-75,749
1280,1306,6/20/16,1377,172,6,-76,749
1281,1308,6/21/16,1378,172,6,-76,751
1282,1307,6/23/16,1379,173,6,-77,751
1283,1311,6/24/16,1380,173,6,-74,751
1284,1309,6/25/16,1381,174,6,-73,751
1285,1310,6/26/16,1382,174,6,-76,752
1286,1312,6/27/16,1383,175,6,-73,752
1287,1313,6/28/16,1384,176,6,-74,753
1288,1314,6/29/16,1385,176,6,-75,755
1289,1315,6/30/16,1386,177,6,-74,755
1290,1316,7/1/16,1387,177,6,-74,755
1291,1317,7/2/16,1388,178,6,-73,756
1292,1318,7/12/16,1398,184,7,-66,751
1293,1319,7/13/16,1399,184,7,-73,770
1294,1322,7/14/16,1400,185,7,-73,770
1295,1321,7/15/16,1401,185,7,-73,770
1296,1320,7/16/16,1402,186,7,-75,771
1297,1323,7/17/16,1403,187,7,-75,771
1298,1324,7/18/16,1404,187,7,-75,774
1299,1325,7/19/16,1405,188,7,-75,775
1300,1328,7/20/16,1406,188,7,-76,775
1301,1329,7/21/16,1407,189,7,-74,779
1302,1327,7/22/16,1408,190,7,-75,779
1303,1326,7/23/16,1409,190,7,-74,781
1304,1330,7/24/16,1410,191,7,-72,782
1305,1331,7/25/16,1411,191,7,-72,782
1306,1333,7/26/16,1412,192,7,-78,784
1307,1332,7/27/16,1413,193,7,-72,784
1308,1336,7/28/16,1414,193,7,-73,785
1309,1334,7/29/16,1415,194,7,-72,787
1310,1335,7/31/16,1416,194,7,-72,791
1311,1337,8/1/16,1417,195,7,-70,791
1312,1338,8/2/16,1418,196,7,-73,793
1313,1339,8/3/16,1419,196,7,-73,793
1314,1340,8/4/16,1420,197,7,-71,793
1315,1343,8/5/16,1421,197,7,-72,797
1316,1342,8/6/16,1422,198,7,-72,798
1317,1341,8/7/16,1423,199,7,-71,800
1318,1344,8/8/16,1424,199,7,-72,803
1319,1345,8/9/16,1425,200,7,-72,804
1320,1346,8/10/16,1426,200,7,-71,803
1321,1347,8/11/16,1427,201,7,-72,807
1322,1348,8/12/16,1428,202,7,-72,808
1323,1349,8/13/16,1429,202,7,-70,810
1324,1351,8/14/16,1430,203,7,-69,810
1325,1350,8/15/16,1431,204,7,-69,811
1326,1352,8/16/16,1432,204,7,-71,813
1327,1353,8/17/16,1433,205,7,-70,818
1328,1356,8/18/16,1434,205,7,-70,818
1329,1355,8/19/16,1435,206,7,-71,823
1330,1354,8/20/16,1436,207,7,-72,825
1331,1357,8/21/16,1437,207,7,-71,821
1332,1358,8/22/16,1438,208,7,-68,823
1333,1360,8/23/16,1439,208,7,-71,828
1334,1359,8/24/16,1440,209,7,-70,828
1335,1361,8/25/16,1441,210,8,-74,828
1336,1362,8/26/16,1442,210,8,-68,829
1337,1363,8/27/16,1443,211,8,-69,831
1338,1364,8/28/16,1444,212,8,-69,833
1339,1365,8/29/16,1445,212,8,-69,836
1340,1366,8/30/16,1446,213,8,-70,841
1341,1367,8/31/16,1447,214,8,-74,841
1342,1369,9/1/16,1448,214,8,-69,841
1343,1368,9/2/16,1449,215,8,-71,841
1344,1370,9/3/16,1450,215,8,-69,842
1345,1371,9/4/16,1451,216,8,-71,842
1346,1373,9/6/16,1452,217,8,-74,845
1347,1372,9/7/16,1453,217,8,-73,850
1348,1374,9/8/16,1454,218,8,-69,854
1349,1377,9/9/16,1455,219,8,-70,858
1350,1376,9/10/16,1456,219,8,-69,859
1351,1375,9/11/16,1457,220,8,-69,860
1352,1378,9/12/16,1458,220,8,-69,859
1353,1379,9/13/16,1459,221,8,-71,861
1354,1380,9/14/16,1460,222,8,-70,865
1355,1382,9/15/16,1461,222,8,-69,870
1356,1381,9/16/16,1462,223,8,-68,871
1357,1383,9/17/16,1463,224,8,-68,871
1358,1384,9/18/16,1464,224,8,-71,871
1359,1385,9/19/16,1465,225,8,-68,870
1360,1386,9/20/16,1466,226,8,-67,873
1361,1387,9/21/16,1467,226,8,-69,877
1362,1388,9/22/16,1468,227,8,-70,879
1363,1389,9/23/16,1469,228,8,-72,881
1364,1391,9/24/16,1470,228,8,-70,879
1365,1392,9/25/16,1471,229,8,-71,880
1366,1390,9/26/16,1472,229,8,-68,879
1367,1393,9/27/16,1473,230,8,-67,881
1368,1394,9/28/16,1474,231,8,-68,889
1369,1396,9/29/16,1475,231,8,-72,890
1370,1395,9/30/16,1476,232,8,-69,888
1371,1397,10/1/16,1477,233,8,-72,888
1372,1399,10/2/16,1478,233,8,-68,887
1373,1398,10/3/16,1479,234,8,-66,890
1374,1400,10/4/16,1480,235,8,-68,893
1375,1401,10/5/16,1481,235,8,-70,893
1376,1403,10/6/16,1482,236,8,-68,893
1377,1402,10/7/16,1483,237,8,-68,892
1378,1404,10/8/16,1484,237,8,-68,895
1379,1405,10/9/16,1485,238,8,-71,899
1380,1406,10/10/16,1486,239,8,-71,901
1381,1407,10/11/16,1487,239,8,-68,901
1382,1408,10/12/16,1488,240,9,-69,902
1383,1410,10/14/16,1489,240,9,-68,903
1384,1411,10/15/16,1490,241,9,-66,904
1385,1409,10/16/16,1491,242,9,-69,906
1386,1412,10/17/16,1492,242,9,-68,910
1387,1413,10/18/16,1493,243,9,-70,905
1388,1414,10/19/16,1494,244,9,-70,904
1389,1416,10/20/16,1495,244,9,-71,903
1390,1415,10/21/16,1496,245,9,-72,906
1391,1417,10/22/16,1497,246,9,-68,909
1392,1418,10/23/16,1498,246,9,-68,907
1393,1419,10/24/16,1499,247,9,-69,903
1394,1420,10/25/16,1500,248,9,-70,903
1395,1421,10/26/16,1501,248,9,-69,903
1396,1422,10/27/16,1502,249,9,-69,907
1397,1424,10/28/16,1503,250,9,-70,909
1398,1423,10/29/16,1504,250,9,-69,910
1399,1425,10/30/16,1505,251,9,-69,906
1400,1426,10/31/16,1506,252,9,-71,907
1401,1427,11/1/16,1507,252,9,-70,907
1402,1428,11/2/16,1508,253,9,-70,907
1403,1430,11/3/16,1509,254,9,-70,910
1404,1431,11/4/16,1510,254,9,-70,908
1405,1429,11/5/16,1511,255,9,-77,908
1406,1432,11/6/16,1512,255,9,-78,906
1407,1433,11/7/16,1513,256,9,-74,907
1408,1434,11/8/16,1514,257,9,-73,906
1409,1435,11/9/16,1515,257,9,-76,906
1410,1436,11/10/16,1516,258,9,-71,909
1411,1437,11/11/16,1517,259,9,-76,911
1412,1438,11/12/16,1518,259,9,-78,909
1413,1440,11/13/16,1519,260,9,-72,906
1414,1439,11/14/16,1520,261,9,-73,905
1415,1441,11/15/16,1521,261,9,-71,905
1416,1442,11/16/16,1522,262,9,-71,905
1417,1443,11/17/16,1523,263,9,-77,905
1418,1444,11/18/16,1524,263,9,-76,904
1419,1445,11/20/16,1525,264,9,-74,902
1420,1446,11/21/16,1526,265,9,-72,900
1421,1449,11/22/16,1527,265,9,-71,900
1422,1450,11/23/16,1528,266,9,-72,898
1423,1451,11/24/16,1529,267,9,-73,900
1424,1452,11/25/16,1530,267,9,-71,899
1425,1447,11/26/16,1531,268,9,-76,900
1426,1448,11/27/16,1532,268,9,-72,900
1427,1453,11/28/16,1533,269,9,-72,896
1428,1454,11/29/16,1534,270,10,-73,898
1429,1455,11/30/16,1535,270,10,-73,900
1430,1456,12/1/16,1536,271,10,-71,901
1431,1458,12/2/16,1537,272,10,-74,900
1432,1457,12/3/16,1538,272,10,-73,898
1433,1459,12/4/16,1539,273,10,-74,896
1434,1460,12/5/16,1540,274,10,-72,896
1435,1461,12/6/16,1541,274,10,-76,895
1436,1462,12/7/16,1542,275,10,-73,895
1437,1464,12/8/16,1543,276,10,-74,896
1438,1463,12/9/16,1544,276,10,-71,894
1439,1465,12/10/16,1545,277,10,-73,891
1440,1467,12/11/16,1546,277,10,-73,889
1441,1466,12/12/16,1547,278,10,-75,887
1442,1468,12/13/16,1548,279,10,-76,887
1443,1469,12/14/16,1549,279,10,-76,887
1444,1472,12/15/16,1550,280,10,-71,888
1445,1471,12/16/16,1551,281,10,-71,886
1446,1470,12/17/16,1552,281,10,-74,886
1447,1474,12/18/16,1553,282,10,-77,884
1448,1473,12/19/16,1554,283,10,-70,882
1449,1477,12/20/16,1555,283,10,-71,883
1450,1478,12/21/16,1556,284,10,-72,883
1451,1475,12/22/16,1557,284,10,-70,883
1452,1476,12/23/16,1558,285,10,-72,880
1453,1484,12/24/16,1559,286,10,-76,879
1454,1482,12/25/16,1560,286,10,-76,877
1455,1485,12/27/16,1561,287,10,-77,877
1456,1479,12/28/16,1562,288,10,-73,877
1457,1483,12/29/16,1563,288,10,-75,879
1458,1481,12/30/16,1564,289,10,-70,877
1459,1480,12/31/16,1565,290,10,-72,874
1460,1487,1/1/17,1566,290,10,-76,876
1461,1486,1/2/17,1567,291,10,-70,872
1462,1488,1/3/17,1568,291,10,-71,876
1463,1492,1/4/17,1569,292,10,-70,873
1464,1491,1/5/17,1570,293,10,-71,873
1465,1490,1/6/17,1571,293,10,-70,873
1466,1489,1/7/17,1572,294,10,-81,869
1467,1493,1/8/17,1573,295,10,-74,872
1468,1495,1/9/17,1574,295,10,-72,868
1469,1494,1/10/17,1575,296,10,-73,871
1470,1496,1/11/17,1576,296,10,-72,869
1471,1498,1/12/17,1577,297,10,-72,866
1472,1499,1/13/17,1578,298,10,-74,868
1473,1500,1/14/17,1579,298,10,-73,862
1474,1497,1/15/17,1580,299,10,-72,867
1475,1501,1/16/17,1581,299,10,-72,862
1476,1503,1/17/17,1582,300,11,-74,862
1477,1502,1/18/17,1583,301,11,-75,862
1478,1505,1/19/17,1584,301,11,-77,860
1479,1506,1/20/17,1585,302,11,-76,864
1480,1504,1/21/17,1586,303,11,-72,858
1481,1508,1/22/17,1587,303,11,-73,860
1482,1507,1/23/17,1588,304,11,-72,858
1483,1510,1/24/17,1589,304,11,-72,857
1484,1509,1/25/17,1590,305,11,-76,860
1485,1512,1/26/17,1591,306,11,-73,852
1486,1511,1/27/17,1592,306,11,-71,857
1487,1513,1/28/17,1593,307,11,-72,852
1488,1514,1/29/17,1594,307,11,-74,855
1489,1515,1/30/17,1595,308,11,-71,855
1490,1516,1/31/17,1596,309,11,-74,850
1491,1517,2/1/17,1597,309,11,-73,855
1492,1519,2/3/17,1598,310,11,-70,849
1493,1518,2/4/17,1599,310,11,-72,853
1494,1520,2/5/17,1600,311,11,-71,850
1495,1522,2/6/17,1601,312,11,-71,853
1496,1521,2/7/17,1602,312,11,-77,852
1497,1523,2/8/17,1603,313,11,-76,847
1498,1524,2/9/17,1604,313,11,-77,850
1499,1526,2/10/17,1605,314,11,-73,846
1500,1525,2/11/17,1606,315,11,-75,850
1501,1528,2/12/17,1607,315,11,-77,846
1502,1527,2/13/17,1608,316,11,-72,847
1503,1529,2/14/17,1609,316,11,-71,847
1504,1534,2/18/17,1613,319,11,-72,846
1505,1533,2/19/17,1614,319,11,-73,837
1506,1536,2/20/17,1615,320,11,-73,842
1507,1535,2/21/17,1616,320,11,-73,848
1508,1537,2/22/17,1617,321,11,-72,840
1509,1540,2/23/17,1618,322,11,-71,845
1510,1538,2/24/17,1619,322,11,-73,841
1511,1539,2/25/17,1620,323,11,-70,844
1512,1541,2/26/17,1621,323,11,-73,842
1513,1542,2/27/17,1622,324,11,-71,841
1514,1544,2/28/17,1623,324,11,-71,840
1515,1543,3/1/17,1624,325,11,-72,837
1516,1546,3/2/17,1625,326,11,-71,839
1517,1545,3/3/17,1626,326,11,-71,839
1518,1547,3/4/17,1627,327,11,-72,838
1519,1549,3/5/17,1628,327,11,-71,839
1520,1548,3/6/17,1629,328,11,-74,837
1521,1551,3/7/17,1630,328,11,-77,838
1522,1550,3/8/17,1631,329,11,-77,837
1523,1552,3/9/17,1632,330,12,-72,836
1524,1554,3/10/17,1633,330,12,-75,834
1525,1553,3/12/17,1634,331,12,-72,834
1526,1555,3/13/17,1635,331,12,-73,833
1527,1556,3/14/17,1636,332,12,-72,834
1528,1557,3/15/17,1637,332,12,-73,833
1529,1559,3/16/17,1638,333,12,-73,833
1530,1558,3/17/17,1639,334,12,-71,832
1531,1561,3/18/17,1640,334,12,-72,832
1532,1560,3/19/17,1641,335,12,-72,831
1533,1564,3/20/17,1642,335,12,-72,829
1534,1563,3/21/17,1643,336,12,-74,832
1535,1562,3/22/17,1644,336,12,-74,832
1536,1567,3/23/17,1645,337,12,-74,832
1537,1565,3/24/17,1646,337,12,-74,831
1538,1566,3/25/17,1647,338,12,-73,831
1539,1568,3/26/17,1648,339,12,-73,830
1540,1569,3/27/17,1649,339,12,-74,830
1541,1570,3/28/17,1650,340,12,-75,833
1542,1571,3/29/17,1651,340,12,-77,833
1543,1572,3/30/17,1652,341,12,-76,834
1544,1573,3/31/17,1653,341,12,-75,833
1545,1575,4/1/17,1654,342,12,-75,829
1546,1574,4/2/17,1655,342,12,-76,831
1547,1576,4/3/17,1656,343,12,-75,832
1548,1578,4/4/17,1657,343,12,-75,836
1549,1577,4/5/17,1658,344,12,-77,835
1550,1579,4/6/17,1659,345,12,-77,832
1551,1581,4/7/17,1660,345,12,-74,832
1552,1580,4/8/17,1661,346,12,-75,831
1553,1583,4/9/17,1662,346,12,-75,831
1554,1584,4/10/17,1663,347,12,-74,832
1555,1586,4/11/17,1664,347,12,-74,832
1556,1585,4/12/17,1665,348,12,-76,833
1557,1582,4/13/17,1666,348,12,-76,834
1558,1588,4/14/17,1667,349,12,-76,833
1559,1587,4/15/17,1668,349,12,-77,831
1560,1589,4/16/17,1669,350,12,-74,833
1561,1590,4/18/17,1670,350,12,-76,834
1562,1591,4/19/17,1671,351,12,-76,832
1563,1592,4/20/17,1672,351,12,-74,833
1564,1594,4/21/17,1673,352,12,-75,836
1565,1593,4/22/17,1674,352,12,-75,835
1566,1595,4/23/17,1675,353,12,-75,835
1567,1596,4/24/17,1676,354,12,-76,837
1568,1597,4/25/17,1677,354,12,-74,835
1569,1598,4/26/17,1678,355,12,-74,836
1570,1599,4/27/17,1679,355,12,-75,836
1571,1601,4/28/17,1680,356,12,-74,835
1572,1602,4/29/17,1681,356,12,-74,837
1573,1603,4/30/17,1682,357,12,-76,839
1574,1600,5/1/17,1683,357,12,-75,837
1575,1604,5/2/17,1684,358,12,-75,837
1576,1605,5/3/17,1685,358,12,-77,838
1577,1607,5/4/17,1686,359,12,-75,838
1578,1608,5/5/17,1687,359,12,-75,838
1579,1606,5/6/17,1688,0,1,-76,840
1580,1610,5/7/17,1689,0,1,-75,840
1581,1609,5/8/17,1690,1,1,-76,840
1582,1614,5/10/17,1692,2,1,-62,820
1583,1612,5/11/17,1693,2,1,-76,840
1584,1613,5/12/17,1694,3,1,-76,840
1585,1611,5/13/17,1695,3,1,-77,840
1586,1615,5/14/17,1696,4,1,-75,841
1587,1616,5/15/17,1697,4,1,-77,841
1588,1618,5/16/17,1698,5,1,-77,842
1589,1617,5/17/17,1699,5,1,-76,843
1590,1619,5/18/17,1700,6,1,-76,842
1591,1620,5/19/17,1701,6,1,-76,841
1592,1621,5/20/17,1702,7,1,-75,842
1593,1622,5/21/17,1703,7,1,-76,843
1594,1625,5/22/17,1704,8,1,-77,844
1595,1623,5/23/17,1705,8,1,-76,845
1596,1624,5/24/17,1706,9,1,-77,845
1597,1627,5/26/17,1707,9,1,-77,846
1598,1626,5/27/17,1708,10,1,-76,846
1599,1628,5/28/17,1709,10,1,-76,847
1600,1629,5/29/17,1710,11,1,-76,848
1601,1631,5/30/17,1711,11,1,-75,848
1602,1630,5/31/17,1712,12,1,-77,849
1603,1635,6/1/17,1713,12,1,-75,850
1604,1633,6/2/17,1714,13,1,-77,849
1605,1634,6/3/17,1715,13,1,-77,851
1606,1632,6/4/17,1716,14,1,-76,850
1607,1636,6/5/17,1717,14,1,-76,851
1608,1637,6/6/17,1718,15,1,-77,852
1609,1639,6/7/17,1719,15,1,-77,853
1610,1638,6/8/17,1720,16,1,-76,853
1611,1641,6/9/17,1721,16,1,-76,852
1612,1640,6/10/17,1722,17,1,-77,854
1613,1642,6/11/17,1723,17,1,-76,854
1614,1643,6/12/17,1724,18,1,-77,856
1615,1644,6/13/17,1725,18,1,-79,857
1616,1645,6/14/17,1726,19,1,-76,855
1617,1647,6/15/17,1727,19,1,-75,855
1618,1648,6/16/17,1728,20,1,-76,855
1619,1646,6/17/17,1729,20,1,-76,858
1620,1650,6/18/17,1730,21,1,-77,858
1621,1649,6/19/17,1731,21,1,-78,857
1622,1651,6/20/17,1732,22,1,-78,858
1623,1652,6/21/17,1733,22,1,-77,859
1624,1655,6/22/17,1734,23,1,-78,859
1625,1653,6/23/17,1735,23,1,-78,861
1626,1654,6/24/17,1736,23,1,-77,860
1627,1656,6/25/17,1737,24,1,-78,861
1628,1657,6/26/17,1738,24,1,-78,861
1629,1658,6/27/17,1739,25,1,-77,861
1630,1662,6/28/17,1740,25,1,-78,861
1631,1659,6/29/17,1741,26,1,-78,863
1632,1661,6/30/17,1742,26,1,-77,865
1633,1660,7/2/17,1743,27,1,-78,863
1634,1663,7/3/17,1744,27,1,-78,863
1635,1664,7/4/17,1745,28,1,-78,865
1636,1665,7/5/17,1746,28,1,-76,866
1637,1666,7/6/17,1747,29,1,-79,866
1638,1668,7/7/17,1748,29,1,-79,867
1639,1667,7/8/17,1749,30,2,-76,867
1640,1669,7/9/17,1750,30,2,-77,867
1641,1670,7/10/17,1751,31,2,-78,867
1642,1671,7/11/17,1752,31,2,-80,867
1643,1672,7/12/17,1753,32,2,-76,868
1644,1673,7/13/17,1754,32,2,-78,870
1645,1674,7/14/17,1755,32,2,-77,870
1646,1675,7/15/17,1756,33,2,-78,871
1647,1676,7/16/17,1757,33,2,-78,871
1648,1677,7/17/17,1758,34,2,-78,871
1649,1678,7/18/17,1759,34,2,-77,871
1650,1679,7/19/17,1760,35,2,-78,872
1651,1684,7/20/17,1761,35,2,-77,872
1652,1687,7/21/17,1762,36,2,-77,872
1653,1680,7/22/17,1763,36,2,-78,873
1654,1682,7/23/17,1764,37,2,-79,872
1655,1690,7/24/17,1765,37,2,-77,873
1656,1688,7/25/17,1766,38,2,-79,873
1657,1691,7/26/17,1767,38,2,-77,874
1658,1683,7/27/17,1768,39,2,-78,875
1659,1689,7/28/17,1769,39,2,-76,875
1660,1686,7/29/17,1770,39,2,-79,875
1661,1692,7/30/17,1771,40,2,-79,876
1662,1681,7/31/17,1772,40,2,-78,876
1663,1685,8/1/17,1773,41,2,-78,876
1664,1693,8/2/17,1774,41,2,-79,877
1665,1694,8/3/17,1775,42,2,-80,877
1666,1696,8/4/17,1776,42,2,-79,877
1667,1695,8/5/17,1777,43,2,-79,877
1668,1697,8/6/17,1778,43,2,-81,877
1669,1698,8/7/17,1779,44,2,-78,878
1670,1699,8/9/17,1780,44,2,-77,879
1671,1700,8/10/17,1781,45,2,-78,879
1672,1701,8/11/17,1782,45,2,-78,878
1673,1703,8/12/17,1783,45,2,-79,879
1674,1702,8/13/17,1784,46,2,-80,883
1675,1704,8/14/17,1785,46,2,-77,881
1676,1705,8/16/17,1787,47,2,-79,881
1677,1706,8/17/17,1788,48,2,-79,881
1678,1708,8/18/17,1789,48,2,-79,881
1679,1707,8/19/17,1790,49,2,-81,882
1680,1709,8/20/17,1791,49,2,-79,882
1681,1710,8/21/17,1792,50,2,-80,883
1682,1711,8/22/17,1793,50,2,-80,883
1683,1712,8/23/17,1794,50,2,-80,883
1684,1714,8/24/17,1795,51,2,-81,882
1685,1715,8/25/17,1796,51,2,-80,883
1686,1713,8/26/17,1797,52,2,-79,884
1687,1716,8/27/17,1798,52,2,-79,883
1688,1717,8/28/17,1799,53,2,-78,883
1689,1718,8/29/17,1800,53,2,-80,883
1690,1719,8/30/17,1801,54,2,-80,882
1691,1722,8/31/17,1802,54,2,-79,882
1692,1723,9/1/17,1803,55,2,-78,882
1693,1720,9/2/17,1804,55,2,-78,883
1694,1721,9/3/17,1805,55,2,-78,883
1695,1724,9/4/17,1806,56,2,-80,884
1696,1725,9/5/17,1807,56,2,-78,884
1697,1726,9/6/17,1808,57,2,-79,884
1698,1728,9/7/17,1809,57,2,-80,884
1699,1729,9/8/17,1810,58,2,-78,883
1700,1727,9/9/17,1811,58,2,-79,882
1701,1730,9/10/17,1812,59,2,-79,882
1702,1731,9/11/17,1813,59,2,-80,881
1703,1732,9/12/17,1814,59,2,-80,881
1704,1733,9/13/17,1815,60,3,-81,881
1705,1734,9/15/17,1816,60,3,-82,882
1706,1735,9/16/17,1817,61,3,-80,882
1707,1736,9/17/17,1818,61,3,-81,881
1708,1737,9/18/17,1819,62,3,-82,880
1709,1738,9/19/17,1820,62,3,-79,881
1710,1740,9/20/17,1821,63,3,-81,882
1711,1739,9/21/17,1822,63,3,-78,881
1712,1743,9/22/17,1823,64,3,-80,879
1713,1742,9/23/17,1824,64,3,-80,879
1714,1741,9/24/17,1825,64,3,-80,878
1715,1744,9/25/17,1826,65,3,-80,878
1716,1745,9/26/17,1827,65,3,-80,879
1717,1746,9/27/17,1828,66,3,-80,878
1718,1749,9/28/17,1829,66,3,-78,877
1719,1748,9/29/17,1830,67,3,-80,877
1720,1747,9/30/17,1831,67,3,-80,876
1721,1750,10/1/17,1832,68,3,-84,875
1722,1751,10/2/17,1833,68,3,-81,875
1723,1752,10/3/17,1834,68,3,-80,875
1724,1753,10/4/17,1835,69,3,-80,873
1725,1755,10/5/17,1836,69,3,-81,873
1726,1756,10/6/17,1837,70,3,-81,872
1727,1754,10/7/17,1838,70,3,-79,872
1728,1757,10/8/17,1839,71,3,-80,872
1729,1758,10/9/17,1840,71,3,-77,871
1730,1759,10/10/17,1841,72,3,-77,870
1731,1761,10/11/17,1842,72,3,-79,869
1732,1760,10/12/17,1843,72,3,-80,869
1733,1762,10/13/17,1844,73,3,-81,869
1734,1763,10/14/17,1845,73,3,-80,868
1735,1765,10/15/17,1846,74,3,-80,868
1736,1764,10/16/17,1847,74,3,-80,866
1737,1766,10/17/17,1848,75,3,-80,865
1738,1770,10/18/17,1849,75,3,-80,864
1739,1768,10/19/17,1850,76,3,-80,864
1740,1767,10/20/17,1851,76,3,-87,864
1741,1769,10/22/17,1852,77,3,-80,863
1742,1771,10/23/17,1853,77,3,-80,862
1743,1772,10/24/17,1854,77,3,-80,861
1744,1773,10/25/17,1855,78,3,-78,861
1745,1774,10/26/17,1856,78,3,-80,859
1746,1776,10/27/17,1857,79,3,-80,858
1747,1775,10/28/17,1858,79,3,-81,857
1748,1779,10/29/17,1859,80,3,-79,857
1749,1778,10/30/17,1860,80,3,-80,857
1750,1780,10/31/17,1861,81,3,-79,855
1751,1777,11/1/17,1862,81,3,-81,854
1752,1781,11/2/17,1863,81,3,-80,853
1753,1782,11/3/17,1864,82,3,-82,852
1754,1783,11/4/17,1865,82,3,-80,852
1755,1785,11/5/17,1866,83,3,-80,850
1756,1784,11/6/17,1867,83,3,-78,848
1757,1786,11/7/17,1868,84,3,-80,848
1758,1787,11/8/17,1869,84,3,-81,846
1759,1788,11/9/17,1870,85,3,-81,845
1760,1789,11/10/17,1871,85,3,-80,844
1761,1791,11/11/17,1872,86,3,-79,843
1762,1790,11/12/17,1873,86,3,-79,842
1763,1792,11/13/17,1874,86,3,-80,840
1764,1793,11/14/17,1875,87,3,-79,839
1765,1794,11/15/17,1876,87,3,-79,838
1766,1797,11/16/17,1877,88,3,-79,837
1767,1795,11/17/17,1878,88,3,-79,835
1768,1796,11/18/17,1879,89,3,-79,834
1769,1798,11/19/17,1880,89,3,-79,833
1770,1803,11/20/17,1881,90,4,-79,832
1771,1801,11/21/17,1882,90,4,-78,831
1772,1800,11/22/17,1883,91,4,-78,830
1773,1799,11/23/17,1884,91,4,-79,829
1774,1804,11/24/17,1885,91,4,-79,827
1775,1805,11/25/17,1886,92,4,-79,826
1776,1802,11/26/17,1887,92,4,-79,824
1777,1807,11/27/17,1888,93,4,-79,823
1778,1806,11/29/17,1889,93,4,-80,822
1779,1808,11/30/17,1890,94,4,-79,821
1780,1810,12/1/17,1891,94,4,-80,819
1781,1809,12/2/17,1892,95,4,-81,817
1782,1812,12/3/17,1893,95,4,-79,816
1783,1811,12/4/17,1894,96,4,-79,815
1784,1814,12/5/17,1895,96,4,-78,814
1785,1813,12/6/17,1896,96,4,-79,812
1786,1817,12/7/17,1897,97,4,-80,811
1787,1816,12/8/17,1898,97,4,-81,810
1788,1815,12/9/17,1899,98,4,-81,808
1789,1818,12/10/17,1900,98,4,-81,807
1790,1819,12/11/17,1901,99,4,-81,806
1791,1820,12/12/17,1902,99,4,-79,804
1792,1821,12/13/17,1903,100,4,-78,803
1793,1822,12/14/17,1904,100,4,-79,801
1794,1823,12/15/17,1905,101,4,-80,800
1795,1824,12/16/17,1906,101,4,-79,799
1796,1825,12/17/17,1907,101,4,-79,798
1797,1826,12/18/17,1908,102,4,-79,796
1798,1827,12/19/17,1909,102,4,-80,795
1799,1828,12/20/17,1910,103,4,-80,794
1800,1833,12/21/17,1911,103,4,-79,792
1801,1832,12/22/17,1912,104,4,-80,791
1802,1830,12/23/17,1913,104,4,-79,791
1803,1834,12/24/17,1914,105,4,-78,790
1804,1835,12/25/17,1915,105,4,-78,788
1805,1829,12/26/17,1916,106,4,-79,787
1806,1831,12/27/17,1917,106,4,-80,786
1807,1839,12/28/17,1918,107,4,-77,784
1808,1836,12/29/17,1919,107,4,-77,783
1809,1837,12/30/17,1920,108,4,-77,782
1810,1838,12/31/17,1921,108,4,-78,781
1811,1840,1/1/18,1922,108,4,-79,780
1812,1842,1/2/18,1923,109,4,-77,778
1813,1841,1/3/18,1924,109,4,-78,777
1814,1844,1/5/18,1925,110,4,-79,777
1815,1843,1/6/18,1926,110,4,-80,775
1816,1845,1/7/18,1927,111,4,-79,774
1817,1847,1/8/18,1928,111,4,-78,773
1818,1846,1/9/18,1929,112,4,-79,771
1819,1848,1/10/18,1930,112,4,-79,770
1820,1849,1/11/18,1931,113,4,-79,770
1821,1850,1/12/18,1932,113,4,-79,768
1822,1852,1/13/18,1933,114,4,-78,767
1823,1851,1/14/18,1934,114,4,-79,766
1824,1853,1/15/18,1935,115,4,-80,765
1825,1855,1/16/18,1936,115,4,-79,764
1826,1854,1/17/18,1937,116,4,-80,763
1827,1859,1/18/18,1938,116,4,-78,762
1828,1857,1/19/18,1939,116,4,-78,760
1829,1858,1/20/18,1940,117,4,-77,759
1830,1856,1/21/18,1941,117,4,-77,758
1831,1860,1/22/18,1942,118,4,-78,757
1832,1863,1/23/18,1943,118,4,-78,756
1833,1861,1/24/18,1944,119,4,-80,755
1834,1862,1/25/18,1945,119,4,-78,754
1835,1864,1/26/18,1946,120,5,-79,753
1836,1865,1/27/18,1947,120,5,-78,751
1837,1866,1/28/18,1948,121,5,-78,752
1838,1867,1/29/18,1949,121,5,-78,751
1839,1868,1/30/18,1950,122,5,-79,750
1840,1869,1/31/18,1951,122,5,-77,749
1841,1871,2/1/18,1952,123,5,-80,748
1842,1870,2/2/18,1953,123,5,-78,747
1843,1872,2/3/18,1954,124,5,-77,745
1844,1873,2/4/18,1955,124,5,-77,745
1845,1879,2/5/18,1956,125,5,-79,744
1846,1875,2/6/18,1957,125,5,-77,742
1847,1874,2/7/18,1958,126,5,-77,741
1848,1878,2/8/18,1959,126,5,-78,740
1849,1876,2/9/18,1960,127,5,-78,740
1850,1877,2/11/18,1961,127,5,-77,740
1851,1880,2/12/18,1962,128,5,-78,738
1852,1881,2/13/18,1963,128,5,-77,737
1853,1882,2/14/18,1964,129,5,-76,736
1854,1883,2/15/18,1965,129,5,-76,735
1855,1884,2/16/18,1966,130,5,-77,735
1856,1885,2/17/18,1967,130,5,-76,734
1857,1886,2/18/18,1968,131,5,-76,732
1858,1887,2/19/18,1969,131,5,-76,732
1859,1888,2/20/18,1970,132,5,-77,731
1860,1890,2/21/18,1971,132,5,-78,731
1861,1891,2/22/18,1972,133,5,-78,730
1862,1889,2/23/18,1973,133,5,-78,730
1863,1892,2/24/18,1974,134,5,-77,729
1864,1894,2/25/18,1975,134,5,-76,729
1865,1893,2/26/18,1976,135,5,-77,728
1866,1895,2/27/18,1977,135,5,-77,727